dataset,exposure,efficiency,detector_type,B,event_counts
1,1.6,0.5,1,0.03882870508493918,13
2,1.3,0.6,2,0.032041574241669486,10
3,1.0,0.7,3,0.022031320187135644,10
4,0.7,0.8,4,0.026221684228958788,2
5,0.4,0.9,5,0.013675385852242511,2
